Date,Close,High,Low,Open,Volume,Retorno_Diario,SMA_10,SMA_30,RSI_14,Media_Bollinger_20,Desvio_Bollinger_20,Bollinger_Superior,Bollinger_Inferior,Preco_Amanha,Alvo_IA,Sinal_IA,Probabilidade_Alta
2025-02-24,33.20956802368164,33.54932960874535,32.93078911679312,33.54061922185177,27830300,-0.0070329126854651,32.787040901184085,32.461507924397786,62.531690447187096,32.545286655426025,0.6207612966882325,33.78680924880249,31.30376406204956,33.061466217041016,0,0,0.3372516450882169
2025-02-25,33.061466217041016,33.48834493887912,32.956924964002,33.20956604857074,31960900,-0.0044596125590978,32.884613609313966,32.49432258605957,64.15584678777171,32.58100538253784,0.6292514643359934,33.839508311209826,31.32250245386585,33.061466217041016,0,0,0.3503496369863582
2025-02-26,33.061466217041016,33.32282101129181,32.88722857977165,33.32282101129181,27420200,0.0,33.03010158538818,32.513488642374675,65.34396894568232,32.62674283981323,0.6292681078032224,33.88527905541968,31.36820662420679,31.89407539367676,0,0,0.38572623350888363
2025-02-27,31.89407539367676,32.00733034583738,30.909635659709316,31.676279198225053,129693500,-0.0353097111816095,33.05536594390869,32.50071137746175,50.30550868238448,32.59276657104492,0.6502824669092,33.89333150486332,31.29220163722652,31.30167007446289,0,0,0.2621321925845102
2025-02-28,31.30167007446289,31.841803718981136,31.19712882917368,31.789534757989667,55476800,-0.0185741493334312,32.923817253112794,32.46383126576742,41.57300329122901,32.516102409362794,0.7080442419558811,33.93219089327456,31.100013925451037,30.160415649414062,0,0,0.31437696560648093
2025-03-05,30.160415649414062,30.58729764674013,30.09943298169693,30.50889088491722,48552000,-0.0364598573281848,32.65810565948486,32.38629563649496,33.383420022221785,32.39065170288086,0.8806755647419094,34.15200283236468,30.62930057339704,29.84678840637207,0,0,0.358176905095891
2025-03-06,29.84678840637207,30.5960078314758,29.646416310429046,30.325942682872917,47749600,-0.0103986379593573,32.30091934204101,32.29801546732585,34.36528698057924,32.26563653945923,1.0486323606917234,34.36290126084268,30.168371818075784,30.16913414001465,1,0,0.46199035077914197
2025-03-07,30.16913414001465,30.430488946414435,29.82065884927715,29.87293113987978,28074700,0.0108000140334616,31.968998146057128,32.22657845815023,37.55529042914676,32.16849956512451,1.1488193979218626,34.46613836096824,29.87086076928079,30.160415649414062,0,1,0.5476611980473088
2025-03-10,30.160415649414062,30.160415649414062,29.620282025359693,30.12557078450866,35037200,-0.0002889871005287,31.630978202819826,32.162401008605954,25.17615133656109,32.07397594451904,1.2336468918467096,34.54126972821246,29.60668216082562,29.707399368286133,0,1,0.5643071553979166
2025-03-11,29.707399368286133,30.40434984388376,29.541875458150088,30.273670798882662,28805400,-0.015020226723458,31.25723991394043,32.08864053090414,20.100578801307933,31.96594896316528,1.3424377926241404,34.65082454841356,29.281073377917,29.707399368286133,0,1,0.5776423028303473
2025-03-12,29.707399368286133,29.968757458288326,29.5854340320484,29.759671650947805,20149100,0.0,30.90702304840088,31.999198786417644,9.659167946731287,31.84703197479248,1.433518250188668,34.71406847516982,28.979995474415144,30.00360679626465,1,1,0.6125563098900145
2025-03-13,30.00360679626465,30.090727280355075,29.65513482982292,29.777100184242855,19263600,0.0099708299708902,30.601237106323243,31.92108262379964,13.899063983496006,31.742925357818603,1.489771943427345,34.72246924467329,28.763381470963918,30.92706298828125,1,1,0.565207945563296
2025-03-14,30.92706298828125,31.153569592982794,29.942623151367872,30.142995273340237,41529400,0.0307781727139409,30.387796783447264,31.880427487691243,27.06432982012886,31.70894918441773,1.5007532131324952,34.710455610682715,28.707442758152737,31.502046585083008,1,1,0.5047481792140349
2025-03-17,31.502046585083008,31.71984281515778,31.01418183332509,31.02289554357985,31175900,0.0185916004057555,30.34859390258789,31.84470901489258,34.2737312178039,31.70197992324829,1.501406754476308,34.70479343220091,28.699166414295675,31.528175354003903,1,0,0.4846958840189311
2025-03-18,31.528175354003903,31.719837065184628,31.284244683996537,31.528175354003903,15086400,0.0008294308387337,30.371244430541992,31.801149749755854,35.91240618444374,31.647530841827397,1.486139249951037,34.619809341729464,28.67525234192532,31.502046585083008,0,0,0.49253170105510763
2025-03-19,31.502046585083008,31.65014974965335,31.38879161491824,31.597877458044984,21180500,-0.0008287434533562,30.50540752410889,31.762236976623534,36.66173867592168,31.581756591796875,1.460521291645152,34.502799175087176,28.66071400850657,31.571741104125977,1,0,0.4892149216418057
2025-03-20,31.571741104125977,31.780823611563527,31.1535694426378,31.502044719442434,46921900,0.0022123806735772,30.67790279388428,31.73639195760091,37.40798767135433,31.48941106796265,1.3951926789687714,34.27979642590019,28.699025710025104,32.05959701538086,1,0,0.4804994962699354
2025-03-21,32.05959701538086,32.259969102084405,31.519463419775388,31.554311606151472,61175700,0.0154522967119836,30.8669490814209,31.73464940388997,51.58066487781941,31.41797361373901,1.322119394503161,34.06221240274534,28.77373482473269,32.01604461669922,0,0,0.46527763313812476
2025-03-24,32.01604461669922,32.18156854893939,31.79824839481691,31.97248603698408,20348000,-0.0013584824120136,31.05251197814941,31.733487955729167,57.62085715982932,31.34174509048462,1.2343304287763357,33.81040594803729,28.873084232931948,32.26868438720703,1,0,0.4518037245263773
2025-03-25,32.26868438720703,32.686852674236825,31.91149876766245,32.10315715548478,28036100,0.0078910363079653,31.308640480041504,31.74684613545736,77.75239121543166,31.282940196990968,1.1542860943916058,33.59151238577418,28.974368008207755,32.57360076904297,1,0,0.43152930612513396
2025-03-26,32.57360076904297,32.782686593752615,32.36451826763977,32.36451826763977,26870300,0.009449296977128,31.595260620117188,31.76310818990072,85.97715493347182,31.251141834259037,1.1061749785119626,33.46349179128296,29.03879187723511,32.81753158569336,1,0,0.4705524763290439
2025-03-27,32.81753158569336,33.078889698393844,32.57360089203312,32.60844908350071,28444400,0.0074886046028481,31.876653099060057,31.787501271565755,85.68086490788397,31.23894510269165,1.086330517115638,33.41160613692293,29.066284068460376,32.60844802856445,0,0,0.4441050851237579
2025-03-28,32.60844802856445,33.0004818616258,32.31224505728547,32.80010975212919,22057700,-0.0063710933463397,32.04479160308838,31.820896657307944,81.2920018316402,31.21629419326782,1.0504600404155833,33.31721427409899,29.11537411243665,32.373226165771484,0,1,0.5148959242726275
2025-03-31,32.373226165771484,32.79139445974594,32.303533111762164,32.53875007693652,26049400,-0.0072135252369851,32.13190956115723,31.84528980255127,86.08515370211076,31.24025173187256,1.07197517140193,33.384202074676416,29.0963013890687,32.49519348144531,1,1,0.5237389143804482
2025-04-01,32.49519348144531,33.07888904543304,32.40807632780243,32.49519348144531,19075600,0.0037675366381242,32.228611373901366,31.84122435251872,86.52992832334868,31.29992790222168,1.1081840591423031,33.51629602050629,29.083559783937076,32.40807342529297,0,0,0.4836249244383759
2025-04-02,32.40807342529297,32.49519057113352,32.08573599771562,32.46905609204257,16959200,-0.0026810136152009,32.319214057922366,31.82757574717204,83.33351839421204,31.412310791015624,1.1004847334347445,33.61328025788512,29.211341324146137,31.362653732299805,0,0,0.4098000631191651
2025-04-03,31.362653732299805,31.62400851540769,31.02289218192891,31.493332785506936,65896000,-0.0322580018649693,32.29830532073974,31.75904248555501,55.84114239011359,31.48810405731201,1.037379781856257,33.562863621024526,29.413344493599496,30.09943389892578,0,0,0.3072925504648
2025-04-04,30.09943389892578,30.50017810565211,29.45475901389756,30.264961136321705,87263200,-0.0402778363131005,32.102289009094235,31.64607874552409,34.122131493163565,31.484619045257567,1.0421500973860978,33.568919240029764,29.40031885048537,28.905912399291992,0,0,0.49503753519497473
2025-04-07,28.905912399291992,30.09943466414885,28.844929728166147,29.550587300709896,85724900,-0.0396526228247895,31.79127578735352,31.491588656107584,26.520997053567967,31.421893882751466,1.1574241840876995,33.736742250926866,29.107045514576065,27.877914428710938,0,1,0.5425501779631613
2025-04-08,27.877914428710938,29.568011794561244,27.77337151847587,29.35892929739748,62128500,-0.0355635883891433,31.352198791503906,31.306026395161947,22.486682001049715,31.330419635772703,1.3554166628681803,34.041252961509066,28.619586310036347,29.010454177856445,1,0,0.4940719482953696
2025-04-09,29.010454177856445,29.254388190134367,27.04157792407252,27.276796565344608,106391600,0.0406249811850747,30.995884132385253,31.16605593363444,33.25734513159931,31.295572376251226,1.4073059476767893,34.1101842716048,28.480960480897643,27.20710182189941,0,0,0.4746453996552511
2025-04-10,27.20710182189941,28.766523464034933,27.180967340476865,28.749099368651105,71250600,-0.0621621552320791,30.43484115600586,30.970910453796385,22.934886190396867,31.15574712753296,1.6588690660445715,34.4734852596221,27.83800899544381,27.74723625183105,1,1,0.516796608956776
2025-04-11,27.74723625183105,28.13926841539726,26.81506878036854,27.44232123906636,65329400,0.0198526999850046,29.94871997833252,30.793769454956056,27.44012839080416,30.99675579071045,1.8259124616973663,34.64858071410518,27.34493086731572,27.64269256591797,0,0,0.4866284585140127
2025-04-14,27.64269256591797,28.6445563884463,27.39004984473436,28.400622391121885,56015200,-0.0037677152767309,29.47566661834717,30.65205669403076,25.163711385745643,30.8037880897522,1.9680990119324275,34.73998611361705,26.86759006588734,27.00672912597656,0,1,0.5455479339125354
2025-04-15,27.00672912597656,27.764660642252327,26.989305030969497,27.642693638856027,58276900,-0.023006566325797,28.92682018280029,30.508891995747884,21.138208967150803,30.57771577835083,2.1332654331940377,34.8442466447389,26.311184911962755,27.00672912597656,0,1,0.58612258272275
2025-04-16,27.00672912597656,27.41618538872365,26.876051736729888,27.259373518619537,73227700,0.0,28.38668575286865,30.403769111633306,19.09175724176897,30.35294990539551,2.2635878720925398,34.880125649580584,25.82577416121043,27.54069709777832,1,1,0.7032513287579164
2025-04-17,27.54069709777832,27.835297675693948,27.192531540062845,27.380005563870544,65752700,0.0197716639179439,28.004490089416503,30.326899401346843,23.9446445470596,30.151397705078125,2.327904175069302,34.80720605521673,25.49558935493952,27.60318946838379,1,1,0.5240200289654936
2025-04-22,27.60318946838379,27.89779006334285,27.0764790557682,27.496061205332325,41683900,0.0022690918237691,27.754865646362305,30.24136791229248,25.03184325104236,29.92857732772827,2.348827045639984,34.626231419008235,25.230923236448305,27.290733337402344,0,1,0.6020799295780469
2025-04-23,27.290733337402344,28.37093663264078,27.22824256134026,27.98706277654975,71566500,-0.0113195662167709,27.59334774017334,30.145711835225423,23.290542902325043,29.692311763763428,2.3653980884134462,34.42310794059032,24.96151558693653,27.165752410888672,0,1,0.6065838747993111
2025-04-24,27.165752410888672,27.531771281463744,26.835441826280302,27.504988789929232,61589200,-0.0045796104109222,27.522131538391115,30.06099026997884,23.200384719621223,29.43716516494751,2.3480211685111456,34.1332075019698,24.741122827925217,27.2460994720459,1,1,0.6248015092438659
2025-04-25,27.2460994720459,27.43357181342082,26.960426359810175,27.08540792072679,35581500,0.0029576600692651,27.34569606781006,29.97894694010417,26.651658307230107,29.17079010009765,2.274518940651316,33.719827981400286,24.621752218795024,27.13896751403809,0,1,0.6062709239421054
2025-04-28,27.13896751403809,27.47820556575809,27.005058473725803,27.2818040507373,27362000,-0.0039320108229703,27.338882637023925,29.88345896402995,30.67436767741717,28.88686189651489,2.1461417876213,33.179145471757494,24.59457832127229,27.28180503845215,1,1,0.5881999318588877
2025-04-29,27.28180503845215,27.504987347968022,26.91578618706578,27.049695232226128,33041100,0.0052631893361521,27.292339515686034,29.76195036570231,37.71243843875929,28.62052974700928,1.9844118150309973,32.58935337707128,24.651706116947285,26.772951126098636,0,1,0.5846149053398456
2025-04-30,26.772951126098636,27.29966154190993,26.74616863448677,27.147897494934707,52798300,-0.0186517685188467,27.2053653717041,29.604313850402832,40.92745805514731,28.340515995025637,1.8148883843324783,31.97029276369059,24.71073922636068,27.50498580932617,1,1,0.5764997915387396
2025-05-02,27.50498580932617,27.50498580932617,26.7550931550825,26.960422162437784,33146600,0.0273423232194205,27.255191040039065,29.470207532246903,36.768827154032486,28.09100561141968,1.5351021592718843,31.161209929963448,25.02080129287591,26.478349685668945,0,0,0.46468544896313624
2025-05-05,26.478349685668945,27.33537065973517,26.478349685668945,27.290733175137696,59011700,-0.0373254554928409,27.202353096008306,29.302750968933104,42.58249458503403,27.79451942443848,1.191631733833203,30.177782892104883,25.41125595677207,26.915786743164062,1,1,0.660160224256369
2025-05-06,26.915786743164062,27.13004156039645,26.746167707658703,26.88007845833163,52751300,0.0165205559518641,27.139862060546875,29.14755249023437,41.35650378169459,27.57217607498169,0.8593631356000209,29.29090234618173,25.85344980378165,27.04076766967773,1,1,0.5783126261882958
2025-05-07,27.04076766967773,27.0496934630582,26.692602131737303,27.0496934630582,35050400,0.0046434060317934,27.08361988067627,28.980258178710937,43.76904831903714,27.41924276351929,0.6265690119163049,28.67238078735189,26.16610473968668,27.415714263916016,1,1,0.6577919862764833
2025-05-08,27.415714263916016,27.701389052281677,27.183606158909395,27.30858770818156,44665000,0.0138659744730076,27.09611797332764,28.826913833618164,54.47555149057651,27.34473285675049,0.5200190850459622,28.38477102684241,26.304694686658564,27.594261169433597,1,1,0.615424400093493
2025-05-09,27.594261169433597,27.835298477236144,27.353223861631047,27.76388020485901,25075600,0.0065125753718764,27.138968849182127,28.67109972635905,56.18760885655028,27.33055019378662,0.5084515170700613,28.347453227926746,26.3136471596465,28.254880905151367,1,1,0.6502222338811673
2025-05-12,28.254880905151367,28.71909882900329,28.254880905151367,28.47806322146812,53493600,0.0239404755815513,27.23984699249268,28.527142397562663,57.3260111796117,27.292771530151366,0.3917371083267036,28.076245746804773,26.50929731349796,28.68339157104492,1,1,0.5895874732692313
2025-05-13,28.68339157104492,28.7905181268163,27.987062147547352,28.362008498238986,56165300,0.0151658988523795,27.39428939819336,28.389337730407718,60.306642138012535,27.366586017608643,0.4991157711295342,28.36481755986771,26.368354475349577,28.48699188232422,0,1,0.6240885702856692
2025-05-14,28.48699188232422,28.674464218371668,28.29951954627677,28.56733765570056,28060100,-0.0068471571164884,27.514808082580565,28.25195585886637,61.672491878080464,27.4035737991333,0.5532805174139686,28.51013483396124,26.297012764305364,28.45128059387207,0,1,0.6728309117314992
2025-05-15,28.45128059387207,28.64768040654488,28.20131580276917,28.29951656047849,32468300,-0.0012535998395221,27.68264102935791,28.12122433980306,62.76593526444732,27.444003200531007,0.5993017121359754,28.64260662480296,26.245399776259056,28.585189819335938,1,1,0.6866538406742518
2025-05-16,28.585189819335938,28.71017136432281,28.26380675766015,28.424498288498043,48111800,0.0047066150510184,27.790661430358888,27.990890884399413,63.15786118195531,27.522926235198973,0.6411588880937653,28.805244011386502,26.240608459011444,28.549480438232425,0,1,0.6846341881776258
2025-05-19,28.549480438232425,28.65660699256299,28.29951734296385,28.424498890598134,30200500,-0.001249226656503,27.997774505615237,27.862271118164063,64.05695964222559,27.600063800811768,0.6680277204882452,28.93611924178826,26.26400835983528,28.6655387878418,1,1,0.6822623933058309
2025-05-20,28.6655387878418,28.93335690066705,28.522702233968857,28.61197380307992,33485800,0.004065165033755,28.172749710083007,27.77236728668213,63.86408257243819,27.656305885314943,0.7088689572553701,29.074043799825684,26.2385679708042,28.34415435791016,0,1,0.6846341881776258
2025-05-21,28.34415435791016,28.915500546545232,28.29059107841211,28.754809005305127,28724100,-0.0112115258781723,28.30308837890625,27.713857968648277,66.3568689629636,27.69335412979126,0.725123274157552,29.143600678106363,26.24310758147616,27.96920585632324,0,1,0.680323031063038
2025-05-22,27.96920585632324,28.254878928787157,27.862077602776363,28.24595143242943,42207300,-0.0132284243464216,28.358437538146973,27.682634417215983,55.220884464387765,27.727277755737305,0.721155721427131,29.169589198591567,26.284966312883043,28.03169822692871,1,1,0.6577470711411116
2025-05-23,28.03169822692871,28.03169822692871,27.5585528122032,27.75495263503776,25732400,0.0022343276718863,28.40218124389649,27.68776054382324,72.30761642549044,27.770575046539307,0.7115998993724877,29.19377484528428,26.34737524779433,27.94242286682129,0,1,0.6827388137119741
2025-05-26,27.94242286682129,28.147751873880026,27.799586333147435,28.085259400495143,21277100,-0.0031848002709182,28.37093544006348,27.65215950012207,66.3816543240787,27.805391216278075,0.7015519506794855,29.20849511763705,26.402287314919104,28.147750854492188,1,1,0.6879995956395745
2025-05-27,28.147750854492188,28.27273239124408,27.99598683011672,28.138823358617664,34361500,0.0073482528215083,28.317371368408203,27.683514467875163,67.22212393910114,27.85583038330078,0.6872345432051544,29.23029946971109,26.481361296890476,28.058481216430664,0,1,0.6998971584267286
2025-05-28,28.058481216430664,28.317371819191045,28.058481216430664,28.272736036808688,30516200,-0.0031714661154632,28.274520301818846,27.693889300028484,60.97559860581365,27.894664192199706,0.6749244012043982,29.244512994608503,26.54481538979091,27.88886260986328,0,1,0.6753202924958427
2025-05-29,27.88886260986328,28.120972427883263,27.71924356924368,28.10311743355573,20778800,-0.0060451813217907,28.21827850341797,27.702094968159997,55.04586673783822,27.95045976638794,0.6213087432016301,29.1930772527912,26.70784227998468,27.5853328704834,0,1,0.6767603970214341
2025-05-30,27.5853328704834,27.91564343483987,27.5853328704834,27.808515178016023,45127700,-0.0108835467270915,28.118292808532715,27.72138175964356,36.9338391314019,27.9544771194458,0.6185302764311447,29.19153767230809,26.717416566583516,27.74602508544922,1,1,0.6645781415305814
2025-06-02,27.74602508544922,28.25488048667553,27.683534310245413,28.245952989825568,35111000,0.0058252773573657,28.0379472732544,27.746024958292644,29.5720798430893,28.01786088943481,0.5157092386701921,29.0492793667752,26.98644241209443,27.75445556640625,1,1,0.6895566631681425
2025-06-03,27.75445556640625,27.86481027115557,27.02794645157156,27.478565296420147,59828700,0.0003038446383245,27.94683895111084,27.75315024058024,32.61130195290137,28.05979433059692,0.4514777507319373,28.9627498320608,27.156838829133047,26.991161346435547,0,1,0.6776477918051698
2025-06-04,26.991161346435547,28.00275546539628,26.917590960732387,27.809632106640255,41952900,-0.0275016823206789,27.81153964996338,27.732749303181965,24.23871028637666,28.057314014434816,0.4574672325637783,28.97224847956237,27.142379549307257,27.0003604888916,1,1,0.6791955117541454
2025-06-05,27.0003604888916,27.257855986858303,26.862414467487696,27.12910823787496,23774000,0.0003408205500305,27.71465511322021,27.723070208231608,20.751300487651505,28.036546325683595,0.4959373732689274,29.02842107222145,27.04467157914574,27.285444259643555,1,1,0.6900941857350809
2025-06-06,27.285444259643555,27.43258503843993,27.00035921998262,27.08312612731264,28069300,0.0105585172045847,27.6400297164917,27.72705993652344,28.63796857900607,28.02110548019409,0.5148782914884231,29.05086206317094,26.991348897217243,26.82562828063965,0,1,0.677755816164662
2025-06-09,26.82562828063965,27.10151679612861,26.540543247426864,26.87160911520234,43834800,-0.0168520612905686,27.528350257873534,27.71304423014323,22.14251100344713,27.949642848968505,0.576252415361152,29.10214767969081,26.7971380182462,27.63490104675293,1,1,0.6616177278065648
2025-06-10,27.63490104675293,27.79123833146506,26.991160627510748,27.04633797680435,46241800,0.0301678960748643,27.47706527709961,27.72957534790039,40.64371523416182,27.897218322753908,0.5532192234129225,29.003656769579752,26.790779875928063,28.554533004760746,1,1,0.5858925324694593
2025-06-11,28.554533004760746,28.65569294472874,27.864809968374672,27.864809968374672,52432400,0.0332779175308777,27.526670455932617,27.77199961344401,56.75128058661183,27.90059537887573,0.5572007255903979,29.01499683005653,26.78619392769493,29.19827461242676,1,1,0.5902630463576458
2025-06-12,29.19827461242676,29.345415383534952,28.26025088106976,28.32462474917255,51729500,0.0225442877163737,27.65761165618897,27.852843729654943,61.86465467049848,27.937945079803463,0.6177973397634454,29.17353975933036,26.702350400276572,29.915584564208984,1,1,0.5946139982739391
2025-06-13,29.915584564208984,30.504147631547774,29.58451696180277,30.448972036555137,74902600,0.0245668609294105,27.89063682556152,27.93319702148437,67.79476991112065,28.00446481704712,0.7488739678914755,29.50221275283007,26.50671688126417,29.62130355834961,0,1,0.6017057681718173
2025-06-16,29.62130355834961,30.283438774960366,29.49255582358922,29.915585097262685,45972200,-0.0098370468151056,28.078164672851564,28.03796215057373,63.079246846587736,28.05805597305298,0.8244652947891875,29.706986562631357,26.409125383474606,30.292633056640625,1,1,0.6723651327585983
2025-06-17,30.292633056640625,30.430579060612267,29.76844385452856,29.777642125786723,57633400,0.0226637391892154,28.331982421875,28.150523694356284,67.97320050724917,28.13941068649292,0.9571626108390958,30.05373590817111,26.22508546481473,30.265047073364254,0,1,0.6024208167727344
2025-06-18,30.265047073364254,30.540935589733387,29.87880385207004,30.311027908073644,49342900,-0.000910649900416,28.659370994567876,28.25799967447917,69.56287558008943,28.235455322265626,1.0686677304788543,30.372790783223333,26.09811986130792,30.18227767944336,0,1,0.673381567043078
2025-06-20,30.18227767944336,30.494952241048527,30.00754911870703,30.099510780544566,85062700,-0.0027348179475902,28.977562713623048,28.350218454996742,72.18686314070878,28.34610891342163,1.151047756399809,30.64820442622125,26.044013400622013,29.42818260192871,0,1,0.6452329199078364
2025-06-23,29.42818260192871,30.660487888708985,29.253452276593976,30.61450705501602,54592400,-0.0249846974944587,29.19183654785156,28.41134916941325,63.048394752715375,28.41593313217163,1.1731161554604763,30.762165443092584,26.06970082125068,28.84881591796875,0,1,0.5533538122189849
2025-06-24,28.84881591796875,29.28104171681469,28.637299523246693,28.775245531908663,48728300,-0.0196874775380111,29.394155311584477,28.431147003173827,57.79816961496699,28.461252784729005,1.17136732713557,30.803987439000142,26.118518130457865,28.70167350769043,0,1,0.5114021621422818
2025-06-25,28.70167350769043,29.00515332472714,28.70167350769043,28.802833446702667,23127700,-0.0051004661923289,29.500832557678223,28.43175640106201,63.36207087834421,28.48894891738892,1.1701125459817645,30.82917400935245,26.14872382542539,28.93157958984375,1,1,0.5924559751966307
2025-06-26,28.93157958984375,29.060329074415453,28.793635342283466,28.83042141046289,17227000,0.0080101978057731,29.538537216186523,28.446575991312663,64.58331231521831,28.53260383605957,1.1694940081564127,30.8715918523724,26.193615819746743,28.70167350769043,0,1,0.5224376567502778
2025-06-27,28.70167350769043,28.922386420818288,28.63729963888496,28.867207315508136,16482100,-0.0079465444131514,29.48887710571289,28.45492242177328,60.78431257338563,28.57324438095093,1.1600307885419652,30.89330595803486,26.253182803867,28.85801124572754,1,1,0.562078932056577
2025-06-30,28.85801124572754,28.95917118630941,28.600515766510267,28.70167395303574,23091100,0.0054469903295089,29.383119773864745,28.464016469319663,66.22615384915414,28.636878299713132,1.1376775669240031,30.91223343356114,26.36152316586513,28.959171295166016,1,1,0.5166338107916983
2025-07-01,28.959171295166016,29.03274168294127,28.74765664956921,28.92238697830659,17014100,0.0035054407795842,29.316906547546388,28.477672831217447,61.92056082672809,28.697535610198976,1.119881615421125,30.937298841041223,26.45777237935673,29.47416114807129,1,0,0.49523214528270876
2025-07-02,29.47416114807129,29.64889321390108,28.949971966806853,29.041935381111685,28311600,0.0177833076663778,29.23505935668945,28.50462690989177,58.92856479889804,28.783520889282222,1.1096334082005626,31.00278770568335,26.564254072881106,29.5753231048584,1,0,0.4680097850621579
2025-07-03,29.5753231048584,29.786837744407016,29.373004982775768,29.42818233351533,14322300,0.0034322251370919,29.166086959838868,28.54566586812337,54.09182246550776,28.91272897720337,1.0380889103330824,30.98890679786953,26.836551156537205,29.53853416442871,0,1,0.5002161646057994
2025-07-04,29.53853416442871,29.713266225245565,29.400589923957103,29.428179473673897,9356900,-0.0012439066278077,29.1017126083374,28.597976811726888,45.199037280154926,29.039637660980222,0.942764851696292,30.92516736437281,27.15410795758764,29.483360290527344,0,0,0.4996109861169619
2025-07-07,29.483360290527344,29.667283616461532,29.33621777085617,29.53853588506257,17938800,-0.0018678609302085,29.107230377197265,28.64636554718017,48.12969114103924,29.149533462524413,0.8511743987611865,30.851882260046786,27.44718466500204,29.906391143798828,1,0,0.49412215791905445
2025-07-08,29.906391143798828,29.970765012922183,29.45577055182256,29.49255662221098,28778300,0.0143481220967678,29.212987899780277,28.71183115641276,44.38506378916066,29.30357160568237,0.6674067074322229,30.638385020546817,27.96875819081793,29.72246360778809,0,0,0.4541994161408919
2025-07-09,29.72246360778809,30.00755038449007,29.48336117205712,29.95237128019245,22338900,-0.006150108019599,29.31506690979004,28.764321581522623,42.45522517830235,29.40794973373413,0.5446541999172856,30.497258133568703,28.31864133389956,29.648895263671875,0,0,0.480528513326094
2025-07-10,29.648895263671875,29.82362383346902,29.170685125414536,29.43737711587439,23102800,-0.0024751765226128,29.386798477172853,28.81733538309733,42.564141001090086,29.46266784667969,0.5081529478457437,30.47897374237117,28.4463619509882,30.007549285888672,1,0,0.46614401878162004
2025-07-11,30.007549285888672,30.0719231511561,29.56612699200664,29.61210782318158,23946700,0.0120967077871616,29.51738605499268,28.887958272298174,59.07781115034921,29.503131580352782,0.5181147340575204,30.539361048467825,28.46690211223774,29.61210823059082,0,0,0.3725383162968704
2025-07-14,29.61210823059082,30.136297431044667,29.53853609320865,30.007549698738472,24106300,-0.0131780523471075,29.592795753479,28.955517450968426,62.69112720207208,29.48795776367188,0.5097764333227658,30.50751063031741,28.468404897026343,29.3822021484375,0,0,0.47787271650887303
2025-07-15,29.3822021484375,29.7776436379169,29.25345265512973,29.64889589866552,18688300,-0.007763921446019,29.63509883880615,29.010056686401366,61.01195966433667,29.47600269317627,0.5092880945852183,30.494578882346705,28.457426504005834,29.23505973815918,0,1,0.506306431186365
2025-07-16,29.23505973815918,29.382200504515836,28.94077645138958,29.3362179187442,27588900,-0.0050078755001059,29.611188697814946,29.05941015879313,55.04591110270819,29.4231240272522,0.4736953380925063,30.37051470343721,28.475733351067184,28.94077682495117,0,0,0.49927732885877213
2025-07-17,28.94077682495117,29.21666708097325,28.87640295809625,29.21666708097325,27497600,-0.0100660958398485,29.54773406982422,29.12439734141032,53.89220587650963,29.356910514831544,0.4412600389036867,30.23943059263892,28.47439043702417,28.49935531616211,0,0,0.48060932176389665
2025-07-18,28.49935531616211,29.06033060709086,28.140699902778216,28.876403764605783,57635000,-0.0152525798273837,29.44381618499756,29.17436383565267,44.65753064732255,29.27276439666748,0.4360140385859434,30.144792473839367,28.400736319495596,28.554533004760746,1,0,0.4737917833849841
2025-07-21,28.554533004760746,28.766049402335323,28.297037527106028,28.407392230656225,16412000,0.0019361030446658,29.350933456420897,29.216666793823244,43.88887062646107,29.229081916809083,0.4625782965247232,30.15423850985853,28.30392532375964,28.83042335510254,1,0,0.4273163928897252
2025-07-22,28.83042335510254,29.04193799923226,28.49935573538201,28.554533087316635,24557100,0.0096618757622755,29.24333667755127,29.283493296305338,39.52102165008355,29.22816228866577,0.4633916402335262,30.154945569132824,28.30137900819872,29.41898536682129,1,0,0.410467492769925
2025-07-23,29.41898536682129,29.45576968206718,28.7844397038086,28.830422290436378,27418600,0.0204146156464464,29.21298885345459,29.342962773640952,47.80360827392328,29.264027881622315,0.4480014466629233,30.16003077494816,28.36802498829647,29.37300682067871,0,0,0.39201652832847367
2025-07-24,29.37300682067871,29.446577210953627,29.10631305964684,29.363810302637287,17856300,-0.0015628868762561,29.185400009155277,29.37024523417155,47.68049253451431,29.286099243164063,0.4415887745566596,30.169276792277383,28.402921694050743,29.4097900390625,1,0,0.4199792117941002
2025-07-25,29.4097900390625,29.59371688490042,29.34541616923615,29.41898655676004,13341000,0.0012522796392058,29.12562408447265,29.37729574839274,48.96373110744209,29.321505069732662,0.4201307310375352,30.161766531807736,28.4812436076576,29.44657516479492,1,0,0.40509501759943467
2025-07-28,29.44657516479492,29.823623608010912,29.13390058933927,29.5753229003156,27972800,0.0012507782504929,29.109070777893063,29.361662101745605,42.73252797464493,29.350933265686034,0.4063432838018865,30.163619833289808,28.53824669808226,29.832820892333984,1,0,0.41309750369415915
2025-07-29,29.832820892333984,29.97996167509333,29.418988098594493,29.60291320001544,33284000,0.0131168302384054,29.15413265228272,29.368712679545084,51.63937257474152,29.394615745544435,0.4089625824967724,30.21254091053798,28.57669058055089,30.13630104064941,1,0,0.3723155655798508
2025-07-30,30.13630104064941,30.19148015029517,29.67648565127383,29.7040734520402,27110400,0.0101726936722035,29.24425678253174,29.363501612345377,56.77752437969749,29.42772274017334,0.4412664565477996,30.31025565326894,28.545189827077746,30.016746520996094,0,0,0.3882561057259146
2025-07-31,30.016746520996094,30.117906462779818,29.81442663742864,29.842017944896007,23544900,-0.0039671265392543,29.35185375213623,29.35522492726644,50.13700013592011,29.449793910980222,0.459692462580582,30.36917883614139,28.53040898581906,29.62130355834961,0,0,0.4578115873001823
2025-08-01,29.62130355834961,30.265045740264213,29.46496802560133,30.16388580349172,24191800,-0.0131740780890386,29.46404857635498,29.336525789896648,50.13697164660873,29.45393238067627,0.460904387324516,30.375741155325304,28.53212360602724,29.5753231048584,0,0,0.4535368858022272
2025-08-04,29.5753231048584,29.67648304292789,29.391396263651387,29.621303938131973,15215600,-0.0015522765026406,29.566127586364747,29.34143047332764,53.04345314515065,29.458530521392824,0.4616715099518405,30.381873541296503,28.535187501489144,29.71327018737793,1,0,0.4444801378147073
2025-08-05,29.71327018737793,29.80523185725089,29.455771197130527,29.54773637511633,20635500,0.0046642629069661,29.654412269592285,29.37024561564128,57.55817245954854,29.448874473571777,0.4537631804121305,30.35640083439604,28.54134811274752,29.75005149841309,1,0,0.4159894303908741
2025-08-06,29.75005149841309,30.29263374729952,29.60291072794114,29.979959171532546,32854600,0.0012378748890042,29.687518882751466,29.405191548665364,63.92405600239403,29.450253868103022,0.4546796434623808,30.359613155027787,28.540894581178264,29.915584564208984,1,0,0.4194614455074499
2025-08-07,29.915584564208984,30.20986609787838,29.823622900479528,30.01674449917895,21111400,0.005564127033687,29.74177665710449,29.43799171447754,76.92305456864216,29.463588333129884,0.4646139358852192,30.392816204900324,28.534360461359444,28.076326370239254,0,0,0.4187866593031373
2025-08-08,28.076326370239254,29.47416372444576,28.076326370239254,28.96836753264125,107235300,-0.0614816063521023,29.608430290222167,29.417146809895836,44.58334268117847,29.36702718734741,0.5401548129455604,30.44733681323853,28.28671756145629,28.251054763793945,1,0,0.4329659745093383
2025-08-11,28.251054763793945,28.536141546653624,28.122307025764652,28.24185824621237,28045800,0.0062233353199618,29.48887825012207,29.396914927164712,43.283556333975326,29.29897451400757,0.5909975341660813,30.48096958233973,28.116979445675405,28.32462310791016,1,0,0.4501325122785253
2025-08-12,28.32462310791016,28.75685063279448,28.18667886224641,28.31542834504799,37973300,0.0026040919438694,29.338058471679688,29.37576332092285,35.59316840459708,29.2460955619812,0.6292348642974205,30.50456529057604,27.98762583338636,28.113109588623047,0,0,0.44240031077855657
2025-08-13,28.113109588623047,28.37980332759621,27.96596882024348,28.324624223911638,38340700,-0.0074674786838748,29.13573932647705,29.33039493560791,34.106663433680794,29.189998054504397,0.6783645423492402,30.546727139202872,27.833268969805918,27.75445556640625,0,0,0.49916854284159334
2025-08-14,27.75445556640625,28.26025176362949,27.60731479070289,28.26025176362949,43087500,-0.0127575365181921,28.909510231018068,29.26969935099284,30.686676549132898,29.13068199157715,0.7494451878229454,30.62957236722304,27.631791615931256,27.745258331298828,0,1,0.5798352129395371
2025-08-15,27.745258331298828,27.79123916474612,27.34981684904925,27.68088446285008,55416100,-0.0003313786892852,28.72190570831299,29.20992348988851,30.021573590778928,29.092977142333982,0.8001343944911884,30.69324593131636,27.49270835335161,27.91999053955078,1,1,0.6206337159324729
2025-08-18,27.91999053955078,28.094719121685056,27.607315939654264,27.81883059427353,31498100,0.0062977322526798,28.556372451782227,29.15781116485596,26.363633783391577,29.061250019073487,0.8344531524714729,30.730156324016438,27.39234371413054,27.62570571899414,0,1,0.613707094066023
2025-08-19,27.62570571899414,27.800434280528982,27.450975403403028,27.77284648347415,39294300,-0.0105402908407065,28.34761600494385,29.081788317362467,18.90654209808765,29.001014137268065,0.8933929550131328,30.78780004729433,27.2142282272418,27.79123878479004,1,1,0.7083973195699163
2025-08-20,27.79123878479004,27.919988273983652,27.68088408440275,27.699277119152743,23706600,0.0059919941043202,28.15173473358154,29.017414156595866,22.747692505428304,28.919626808166505,0.9268295413947568,30.773285890956014,27.065967725376996,27.855613708496094,1,1,0.6350783712728489
2025-08-21,27.855613708496094,27.984361440407618,27.598116490616757,27.79123808848404,23327000,0.0023163747468963,27.94573764801025,28.957638104756672,26.470561313117457,28.843757152557373,0.949589754215722,30.742936660988818,26.94457764412593,28.65684127807617,1,1,0.6409431543821524
2025-08-22,28.65684127807617,28.65684127807617,28.0267104518428,28.111355025056927,49813600,0.0287635942243016,28.003789138793945,28.912614504496258,39.81125119947494,28.806109714508057,0.9408532255523304,30.68781616561272,26.924403263403395,28.82612991333008,1,1,0.5140093868531929
2025-08-25,28.82612991333008,28.948395091959828,28.60981680510731,28.65684076990382,21075300,0.0059074422617337,28.06129665374756,28.886415227254236,40.22688102885406,28.775087451934816,0.9287753183758404,30.632638088686495,26.917536815183134,28.61922264099121,0,1,0.6641493206892198
2025-08-26,28.61922264099121,28.76029633260243,28.43112318961004,28.666246606911844,21789700,-0.0071777679820691,28.090756607055663,28.860982577006023,37.99239133531926,28.71440753936768,0.8950654495630173,30.50453843849371,26.924276640241644,28.83553695678711,1,1,0.6776641049664728
2025-08-27,28.83553695678711,28.85434726147945,28.55338956179952,28.63803413906567,16349100,0.0075583574896291,28.16299934387207,28.847665150960285,38.653966980589765,28.64936933517456,0.8312955287954662,30.311960392765496,26.98677827758363,29.08946990966797,1,1,0.6801901044485075
2025-08-28,29.08946990966797,29.27756757000661,28.88256015129131,28.948396215951647,25802500,0.0088062501926495,28.296500778198244,28.852621587117515,65.95874953902631,28.60300550460816,0.7749692326449509,30.152943969898057,27.05306703931825,29.24935531616211,1,1,0.6943158016655043
2025-08-29,29.24935531616211,29.484478748295487,29.01423188402873,29.089471310557435,27713400,0.0054963327620143,28.44691047668457,28.877621587117517,65.79882311175419,28.58440809249878,0.7534094014362718,30.091226895371324,27.07758928962624,29.315189361572266,1,1,0.6920323049334782
2025-09-01,29.315189361572266,29.50328882335212,29.202329325734468,29.343404818994067,9889700,0.0022507862036118,28.58643035888672,28.90297679901123,65.71489259893261,28.571401405334477,0.7374791351399236,30.04635967561432,27.096443135054628,29.465665817260746,1,1,0.6789597448229638
2025-09-02,29.465665817260746,29.569120692211488,29.155302986257777,29.155302986257777,19812000,0.0051330541935958,28.77042636871338,28.92415154774984,71.8814702581783,28.559021186828613,0.7191520279722445,29.9973252427731,27.120717130884124,29.21173477172852,0,1,0.6736029682798009
2025-09-03,29.21173477172852,29.484478814664907,29.080066223469256,29.268165687139145,29788800,-0.0086178621283173,28.912475967407225,28.91724319458008,74.40251625083413,28.532105350494383,0.6813070149307726,29.89471938035593,27.16949132063284,29.21173477172852,0,1,0.6163201585357533
2025-09-04,29.21173477172852,29.4562633569596,29.089471376037693,29.155305650167325,24816500,0.0,29.04808807373047,28.91186745961507,74.63239907809489,28.49691286087036,0.6216496268288143,29.74021211452799,27.25361360721273,28.769702911376957,0,1,0.5091229079406844
2025-09-05,28.769702911376957,29.23994976930224,28.393505783806603,29.230544616881804,46121900,-0.0151319962270561,29.059374237060545,28.890531222025555,63.09658617151608,28.531581687927247,0.6162706076988058,29.764122903324857,27.29904047252964,28.88256072998047,1,0,0.46170133082753784
2025-09-08,28.88256072998047,29.12708930778448,28.69446306587311,28.995420763524383,18164200,0.0039228009740372,29.065017318725587,28.871730740865072,70.51944279641829,28.56315698623657,0.6173180840021696,29.79779315424091,27.32852081823223,29.10828018188477,1,0,0.4536502810315756
2025-09-09,29.10828018188477,29.29637784201681,28.97660984655806,29.023635606978075,31283900,0.0078150775485081,29.11392307281494,28.847579383850096,71.08763114186978,28.602339839935304,0.6261875323075432,29.85471490455039,27.349964775320217,29.63495635986328,1,0,0.48450623950617233
2025-09-10,29.63495635986328,29.663171816323057,29.08006493976648,29.11768375453016,35949600,0.0180936893106549,29.19386501312256,28.83086789449056,74.81591981824207,28.678432178497317,0.6553928289845541,29.989217836466423,27.367646520528204,29.522096633911133,0,0,0.4596339918092264
2025-09-11,29.522096633911133,29.606741210318567,29.4092383946008,29.43745205750369,17607900,-0.0038083310999911,29.237127685546877,28.81437956492106,64.93511279111814,28.76681423187256,0.6433082518825736,30.053430735637704,27.480197728107413,29.32459259033203,0,0,0.4926883066909564
2025-09-12,29.32459259033203,29.81364972379763,29.305782286618133,29.57852630892178,19318400,-0.0066900412266869,29.24465141296387,28.804489199320475,58.52093174532441,28.84578094482422,0.6072322904156354,30.060245525655493,27.631316363992948,29.578527450561523,1,1,0.5113929651391467
2025-09-15,29.578527450561523,29.672575385062387,29.21173368938057,29.4374519611115,21978400,0.0086594505770971,29.270985221862794,28.804596010843916,66.13927175188047,28.928707790374755,0.5870614766005321,30.10283074357582,27.75458483717369,29.653764724731445,1,0,0.4929853989142348
2025-09-16,29.653764724731445,29.79483841010501,29.47507043320533,29.71959899164916,19154700,0.0025436450241032,29.289795112609863,28.802612495422363,64.4518213907535,29.03011074066162,0.5216585070895186,30.073427754840655,27.98679372648258,29.83245849609375,1,0,0.4738366328689658
2025-09-17,29.83245849609375,29.898294559671545,29.587929927209867,29.66317114272735,29148100,0.0060260062430883,29.351867485046387,28.805359395345054,63.48122509320268,29.132171726226808,0.4628887364588849,30.057949199144577,28.20639425330904,29.54090690612793,0,0,0.4931492186555804
2025-09-18,29.54090690612793,29.926509178740663,29.33399893838553,29.87948521138765,25702900,-0.0097729655772083,29.384784698486328,28.792870140075685,55.04884785817365,29.2164363861084,0.3603001001377777,29.937036586383957,28.495836185832843,29.21173477172852,0,0,0.4765432729818749
2025-09-19,29.21173477172852,29.57852854649985,29.07066107090082,29.55971824136297,48871300,-0.0111429258230095,29.428987884521483,28.830717086791992,48.35820044029826,29.24418106079101,0.3354484164443834,29.915077893679783,28.57328422790225,29.503286361694336,1,0,0.47565873055424746
2025-09-22,29.503286361694336,29.5973342908878,29.004824085262367,29.155302924591023,22016100,0.0099806325178601,29.49106044769287,28.87245814005534,50.5714417942186,29.278038883209227,0.3250448482489573,29.928128579707145,28.627949186711312,30.00174903869629,1,0,0.40996905898622343
2025-09-23,30.00174903869629,30.18044334616279,29.58793130334996,29.61614676048132,39895300,0.0168951577424654,29.580407333374023,28.928362337748208,61.17021704522394,29.347165203094484,0.324570769204484,29.996306741503453,28.698023664685515,30.678903579711918,1,0,0.4037528683286521
2025-09-24,30.678903579711918,30.68831052585089,30.15222940228946,30.246277337486685,36414400,0.0225705021444659,29.684802055358887,29.01388880411784,67.41071567795785,29.439333534240724,0.419488480252608,30.27831049474594,28.600356573735507,30.434375762939453,0,0,0.3925429766654414
2025-09-25,30.434375762939453,30.848191686544688,30.321517526992324,30.75414375453852,29556300,-0.0079705526678003,29.77602996826172,29.10321947733561,70.72600674811416,29.506578826904292,0.4657030344495328,30.43798489580336,28.57517275800523,30.330921173095703,0,0,0.4945247585713637
2025-09-26,30.330921173095703,30.791764654778213,30.23687324019658,30.556641234831737,27819700,-0.0033992676784166,29.876662826538087,29.18940823872884,68.07513232187256,29.560657119750974,0.4960684451775269,30.55279401010603,28.56852022939593,29.917102813720703,0,0,0.4709133507248822
2025-09-29,29.917102813720703,30.603664548648773,29.841863392696304,30.340323884289443,35720000,-0.0136434484469949,29.910520362854005,29.25597864786784,59.64123866109208,29.5907527923584,0.4986443868375086,30.58804156603341,28.59346401868338,29.58793067932129,0,0,0.45544797829116995
2025-09-30,29.58793067932129,30.00174840593993,29.30578328935593,29.80424559173405,48611500,-0.0110028078737773,29.90393695831299,29.32138614654541,49.41175177654615,29.596866035461424,0.4977788583257007,30.592423752112825,28.601308318810023,29.51269149780273,0,0,0.45757232581010426
2025-10-01,29.51269149780273,29.6725754984543,29.437452073604906,29.57852756359404,24817000,-0.0025429011016014,29.871960258483888,29.378767903645837,49.88123250504576,29.611913871765136,0.4900119525428248,30.591937776850784,28.631889966679488,29.23054313659668,0,0,0.4677918336605368
2025-10-02,29.23054313659668,29.540905975356083,29.174114018781147,29.51269051952366,25497100,-0.0095602382191085,29.840923881530763,29.42459888458252,48.83720709176716,29.612854290008546,0.4892209272145792,30.591296144437703,28.63441243557939,29.155303955078125,0,0,0.4826875847326451
2025-10-03,29.155303955078125,29.465666796394338,29.155303955078125,29.30578279972542,19756800,-0.0025739919086332,29.83528079986572,29.44121430714925,44.52552185676867,29.6321343421936,0.4610296742550466,30.55419369070369,28.71007499368351,28.891963958740234,0,0,0.46746063328094456
2025-10-06,28.891963958740234,29.37161593013197,28.873155449276265,29.34340226901139,21245400,-0.0090323186732554,29.774148559570317,29.44340877532959,40.60323307062914,29.63260450363159,0.4602291206110666,30.55306274485372,28.71214626240946,28.995420455932617,1,0,0.4777415559037416
2025-10-07,28.995420455932617,29.023635912481623,28.54398391424467,28.891965575768957,29068800,0.0035808052834389,29.673515701293944,29.455948702494304,39.47992321825744,29.626961517333985,0.4676287706745913,30.56221905868317,28.6917039759848,28.82612991333008,0,0,0.4264795156910964
2025-10-08,28.82612991333008,29.230542468437413,28.685056225091287,29.230542468437413,17687400,-0.0058385269101314,29.48823833465576,29.45563513437907,40.73169246306038,29.586520195007324,0.5007055025568682,30.587931200121066,28.585109189893583,28.41231155395508,0,0,0.48102019805683
2025-10-09,28.41231155395508,29.004823542338904,28.393503044778008,28.83553440280067,22879700,-0.0143556682988387,29.286031913757324,29.43306318918864,39.85677001248035,29.53103094100952,0.5655201795848805,30.662071300179285,28.39999058183976,28.158382415771484,0,0,0.48194354453230254
2025-10-10,28.158382415771484,28.36529038792052,28.0925481425354,28.30886126712522,50214400,-0.0089372924727149,29.068778038024902,29.396697425842284,32.771121653788725,29.47272043228149,0.6427733196851337,30.75826707165176,28.187173792911228,28.431123733520508,1,1,0.5067203430759772
2025-10-13,28.431123733520508,28.46874434205618,28.186595159586687,28.355884310298517,13890500,0.0096859725009013,28.920180130004884,29.367228571573893,28.64448800245586,29.415350246429444,0.6827920644692104,30.780934375367863,28.049766117491025,28.233619689941406,0,1,0.5306937458264709
2025-10-14,28.233619689941406,28.64743560270517,28.1019493596536,28.167785421722137,28138200,-0.0069467547406943,28.78474903106689,29.32616036732992,11.764712894601956,29.344342994689946,0.7289754927445843,30.802293980179112,27.88639200920077,27.979686737060547,0,1,0.7430923545550179
2025-10-15,27.979686737060547,28.374694150984784,27.9044473150678,28.261834121071008,40261000,-0.0089939921154115,28.63144855499268,29.28509209950765,11.730211552143516,29.25170440673828,0.7796453954622683,30.810995197662816,27.692413615813745,27.69753837585449,0,1,0.7354430162127159
2025-10-16,27.69753837585449,28.03611486595188,27.65991776926075,27.97028059826209,28660900,-0.0100840428936016,28.47814807891846,29.23461888631185,11.111117365863876,29.15953598022461,0.8494885612942141,30.85851310281304,27.460558857636183,27.96087646484375,1,1,0.7247037671519146
2025-10-17,27.96087646484375,28.167786220945693,27.565869050471065,27.7445633506002,36238600,0.0095076351340603,28.35870532989502,29.20765800476074,19.767448707066865,29.096993064880373,0.8904999510744409,30.87799296702925,27.31599316273149,27.979686737060547,1,1,0.6213945267984488
2025-10-20,27.979686737060547,28.120760429065776,27.72575301514154,27.932662771008577,31442800,0.0006727354287499,28.26747760772705,29.177562204996743,22.508051784162348,29.020813083648683,0.9186387094285106,30.858090502505704,27.183535664791663,27.75396728515625,0,1,0.6173148582419858
2025-10-21,27.75396728515625,28.205403797822854,27.716346678842747,28.177188343087725,25509900,-0.0080672615825008,28.14333229064941,29.13241844177246,21.4067318018855,28.90842399597168,0.9297447663181692,30.76791352860802,27.048934463335343,28.07373809814453,1,1,0.6500555965320391
2025-10-22,28.07373809814453,28.24302725595064,27.857424971547584,27.98909351924148,27088800,0.0115216253482905,28.06809310913086,29.0803778330485,31.420004164461037,28.77816572189331,0.8474990921186736,30.473163906130655,27.08316753765596,28.393505096435547,1,1,0.5933090323702721
2025-10-23,28.393505096435547,28.89196560570563,28.31826567274293,28.70386794339876,40060800,0.0113902536660106,28.066212463378907,29.04275811513265,38.65549224329657,28.676122188568115,0.755454340622538,30.187030869813192,27.16521350732304,28.0643310546875,0,1,0.6342133432479136
2025-10-24,28.0643310546875,28.63803276329768,28.03611559900445,28.496957278731745,24370300,-0.0115932865854371,28.05680732727051,29.000749397277836,37.91212401951161,28.562792682647704,0.6578502120584397,29.878493106764584,27.247092258530824,28.21481132507324,1,1,0.6372947272664289
2025-10-27,28.21481132507324,28.365290175299013,27.923258776991982,28.365290175299013,24771400,0.0053619760290208,28.035176086425786,28.955292193094888,38.75340613615972,28.477678108215333,0.5787744041496872,29.635226916514707,27.32012929991596,28.20540428161621,0,1,0.6464905367278803
2025-10-28,28.20540428161621,28.54398256884825,27.98909117315097,28.1207597098082,25324800,-0.0003334079873386,28.03235454559326,28.90701351165772,40.62501258597142,28.40855178833008,0.5186277292840195,29.44580724689812,27.37129632976204,28.233619689941406,1,1,0.6310740101303742
2025-10-29,28.233619689941406,28.365288226379946,28.02670993971025,28.299453958160672,24854900,0.001000354685346,28.057747840881348,28.85371888478597,46.94537366273579,28.34459819793701,0.4495726167321632,29.243743431401334,27.445452964472683,28.11135482788086,0,1,0.6322769204370406
2025-10-30,28.11135482788086,28.36528854574214,27.98909144178985,28.13957028337077,22657200,-0.0043304706730219,28.099129486083985,28.8060671488444,49.15819947279425,28.28863878250122,0.4004648698971346,29.08956852229549,27.48770904270695,27.979686737060547,0,1,0.6214671196882512
2025-10-31,27.979686737060547,28.29945472899204,27.791587285154023,28.21481015501904,29516300,-0.0046838045205037,28.101010513305663,28.764998881022134,41.48938845734835,28.229857921600345,0.3496094950288414,28.929076911658026,27.530638931542654,28.30885887145996,1,1,0.6252206277198007
2025-11-03,28.30885887145996,28.656840513073657,28.0267097036618,28.10194912297146,54977300,0.0117646826246773,28.133927726745604,28.725184631347656,51.35134206683568,28.200702667236328,0.3139867035227963,28.82867607428192,27.572729260190737,28.449932098388672,1,1,0.5785210839545168
2025-11-04,28.449932098388672,28.45933724988145,28.13016412303108,28.214808692616867,35035200,0.0049833597168036,28.20352420806885,28.673457400004068,58.802766079471816,28.17342824935913,0.2604476326861465,28.694323514731423,27.65253298398684,29.01423072814941,1,1,0.6291507038014519
2025-11-05,29.01423072814941,29.108280456025867,28.41231354604975,28.44993415474007,40375900,0.0198347970676775,28.29757347106933,28.617968304951987,72.29294464203895,28.1828332901001,0.287272717339721,28.757378724779542,27.608287855420656,29.164709091186523,1,1,0.5472703930619286
2025-11-06,29.164709091186523,29.41864281408378,29.061254212854458,29.13649363513705,43435700,0.0051863640448379,28.374693870544437,28.575646082560223,71.1920006901623,28.22045316696167,0.359173127943879,28.938799422849428,27.50210691107391,30.265087127685547,1,1,0.6289866656420814
2025-11-07,30.265087127685547,30.265087127685547,29.01423059601843,29.362212255572423,97315600,0.0377297792705071,28.59476947784424,28.573451614379884,79.13663533777722,28.32578840255737,0.5806469349801429,29.487082272517657,27.16449453259709,30.434375762939453,1,1,0.5669049040840634
2025-11-10,30.434375762939453,30.61306826883063,30.029963197455384,30.37794485111657,41064200,0.0055935287593817,28.81672592163086,28.59069404602051,84.67148455288748,28.42595100402832,0.7483406411479315,29.922632286324184,26.929269721732457,31.22439193725586,1,1,0.6742763555278749
2025-11-11,31.22439193725586,31.45010841888947,30.51902165367793,30.60366623121524,68221300,0.0259580213003227,29.118624687194824,28.645242754618327,86.33400579488979,28.575489616394044,0.9729852321944144,30.521460080782877,26.629519152005216,30.424968719482425,0,0,0.487222877119169
2025-11-12,30.424968719482425,31.28081781370713,30.17103858634093,31.28081781370713,67646400,-0.0256025231613747,29.337759590148927,28.67565199534098,71.09367571084526,28.697753715515137,1.0451372778721115,30.78802827125936,26.607479159770914,30.556640625,1,1,0.5426107424697829
2025-11-13,30.556640625,30.97985990229836,30.396754837023995,30.434375444512305,38517200,0.0043277581229939,29.58228816986084,28.719855244954427,76.98568733219952,28.840708827972414,1.0954507170295105,31.031610262031435,26.64980739391339,30.75414276123047,1,1,0.5227254042869662
2025-11-14,30.75414276123047,31.196172332621,30.64128452892847,30.66009124456337,27371300,0.0064634767497602,29.85973377227783,28.77314987182617,77.21767209013018,28.980372142791747,1.1538776911143722,31.28812752502049,26.672616760563,30.923433303833008,1,1,0.5159032356467297
2025-11-17,30.923433303833008,31.111532757986357,30.782357816293327,30.81057147872179,63708200,0.005504641892212,30.121191215515136,28.8408655166626,78.16761371475948,29.12755947113037,1.2060826976274897,31.539724866385352,26.71539407587539,31.026885986328125,1,1,0.5198450258700916
2025-11-18,31.026885986328125,31.196171536612333,30.725924728371336,30.754141976500726,26520500,0.0033454462018709,30.37888660430908,28.908581034342447,78.50284155016686,29.291205406188965,1.231668954872802,31.75454331593457,26.82786749644336,30.86700439453125,0,0,0.4852626325566469
2025-11-19,30.86700439453125,31.0174832500802,30.603667294245323,30.84819408912527,48719300,-0.0051530015570149,30.564163970947263,28.97661018371582,77.90477306671696,29.430868721008306,1.244650846177752,31.92017041336381,26.9415670286528,30.63187789916992,0,1,0.5531110102279216
2025-11-21,30.63187789916992,30.791763685302847,30.434375093680917,30.62247454125554,40869300,-0.0076174057046813,30.710880851745607,29.050595728556317,76.30592015025222,29.54278736114502,1.2470964797263158,32.03698032059765,27.048594401692387,30.60366439819336,0,1,0.5472253408071621
2025-11-24,30.60366439819336,30.801167204717935,30.434375253258413,30.622474701819304,38665600,-0.0009210503211534,30.744738578796387,29.132105127970377,74.20632347642815,29.669754028320312,1.2175678801206866,32.104889788561685,27.23461826807894,30.359134674072266,0,0,0.4339862979545992
2025-11-25,30.359134674072266,30.509613518530298,30.180442167434183,30.42496894429149,28431100,-0.0079902106146324,30.737214469909667,29.196372159322102,69.70870465840713,29.776970195770264,1.1764227799178335,32.12981575560593,27.4241246359346,30.312110900878903,0,0,0.4974052218258232
2025-11-26,30.312110900878903,30.48140005043444,30.189845717822436,30.45318638807474,25042100,-0.0015489167823191,30.645986366271973,29.265655199686687,64.99996691331722,29.8823055267334,1.1213264254968554,32.12495837772711,27.639652675739686,30.471996307373047,1,0,0.39017557680200704
2025-11-27,30.471996307373047,30.471996307373047,30.283896856053733,30.359134483962283,16087400,0.0052746378177674,30.650689125061035,29.34873218536377,65.07590576070712,29.99422435760498,1.0580304401175948,32.11028523784017,27.878163477369792,29.89829444885254,0,0,0.3865735876393176
2025-11-28,29.89829444885254,30.387351584807597,29.428047616707133,30.34973097718829,60420500,-0.0188271832515841,30.584854507446288,29.42209072113037,45.18519369982024,30.083571338653563,0.9617278051581792,32.00702694896992,28.160115728337203,29.954723358154297,1,0,0.4248573174193853
2025-12-01,29.954723358154297,30.25567924776959,29.69138448819814,30.048773082699302,29489100,0.0018873621503157,30.50491256713867,29.48855228424072,43.51145548617509,30.18232316970825,0.8261744417430221,31.834672053194296,28.52997428622221,30.161630630493164,1,0,0.3171947902817544
2025-12-02,30.161630630493164,30.161630630493164,29.56912042889096,30.02996209543695,25574100,0.0069073337738752,30.42873229980469,29.561283747355144,32.9304852593324,30.274961757659916,0.6991589496415328,31.673279656942977,28.87664385837685,30.387353897094727,1,0,0.31347955675785966
2025-12-03,30.387353897094727,30.56604641533586,30.236875042865645,30.236875042865645,36630000,0.0074837885712106,30.36477909088135,29.649063301086425,49.25935799048591,30.37183284759521,0.5516415729388808,31.475115993472976,29.26854970171745,30.58485412597656,1,0,0.2625365286151767
2025-12-04,30.58485412597656,30.801167236349237,30.519019857067427,30.55664046435796,33009700,0.0064994217512541,30.33656406402588,29.732767168680827,50.541491108813936,30.45036401748657,0.4507777917009302,31.351919600888436,29.54880843408471,29.503286361694336,0,0,0.2785149151577122
2025-12-05,29.503286361694336,30.95164563869498,29.503286361694336,30.566043388684136,74495100,-0.035362855085963,30.22370491027832,29.769759877522787,32.07548199917484,30.467292881011964,0.4038712340716562,31.27503534915528,29.65955041286865,29.776029586791992,1,0,0.357011144429844
2025-12-08,29.776029586791992,30.08639242757747,29.616145590396485,29.691385012591468,30271600,0.0092445031971684,30.140941429138184,29.826816495259603,34.031393030492026,30.442840003967284,0.4306742823357577,31.3041885686388,29.581491439295768,29.96412849426269,1,0,0.2968309194345697
2025-12-09,29.96412849426269,30.001747307751373,29.46566621013036,29.729005079948266,23863000,0.0063171252205544,30.101440811157225,29.88512706756592,35.54988351747568,30.41932764053345,0.4437971830100549,31.30692200655356,29.531733274513336,30.039369583129883,1,0,0.30994662865726214
2025-12-10,30.039369583129883,30.086393551064223,29.663172458107,29.98293866898941,22123700,0.0025110387869813,30.074166679382323,29.94625924428304,38.48168802469431,30.36007652282715,0.4083463801754422,31.17676928317804,29.543383762476264,29.54090690612793,0,0,0.2859832976918274
2025-12-11,29.54090690612793,30.00174860281512,29.390428057979022,29.98293829833416,64927900,-0.0165936464020166,29.98105773925781,29.989835484822592,35.85369314842504,30.315873432159425,0.4469745169405282,31.20982246604048,29.421924398278367,29.71019554138184,1,0,0.38017945095227035
2025-12-12,29.71019554138184,29.8324589306802,29.475072121012463,29.540906391699995,39659900,0.0057306512556249,29.962247848510746,30.043130175272623,38.823543994346046,30.273551177978515,0.4627714884168583,31.199094154812236,29.3480082011448,29.813650131225582,1,0,0.29636131701549895
2025-12-15,29.813650131225582,30.0017477893872,29.71019525323464,29.79483982725463,31898900,0.003482124165075,29.94814052581787,30.10426228841146,42.92685893115616,30.226526546478272,0.4591356835859417,31.144797913650155,29.30825517930639,28.910776138305664,0,0,0.31743363201479263
2025-12-16,28.910776138305664,29.65376702275344,28.788512746533552,29.65376702275344,52661900,-0.0302839132057262,29.82305507659912,30.124326197306317,35.12976337423848,30.125893688201906,0.5154602750408666,31.15681423828364,29.09497313812017,29.23054313659668,1,0,0.3965271567088019
2025-12-17,29.23054313659668,29.23054313659668,28.986014567596957,29.02363517537352,39337100,0.0110604778218781,29.707374000549315,30.150346565246583,37.25867734682689,30.03607654571533,0.5066302355059167,31.049337016727165,29.0228160747035,29.061254501342773,0,0,0.36243162069525786
2025-12-18,29.061254501342773,29.418643106119852,28.99542023042314,29.34340368309037,34311000,-0.005791498107401,29.555014038085936,30.151914024353022,40.63157506958328,29.945789051055907,0.5116336070535624,30.969056265163037,28.922521836948786,29.164709091186523,1,0,0.46291798795182204
2025-12-19,29.164709091186523,29.381022206017818,29.127088483120563,29.221138209436138,45807700,0.0035598803843437,29.52115631103516,30.151914024353022,41.25000896545734,29.87243061065674,0.5132634898431435,30.898957590343027,28.84590363097045,29.24935531616211,1,0,0.4370431478930915
2025-12-22,29.24935531616211,29.653767906447428,29.24935531616211,29.39042901667225,35896900,0.0029023510816079,29.468488883972167,30.11805629730225,39.61461411294796,29.804715156555176,0.5009024017870181,30.80651996012921,28.80291035298114,29.406648635864254,1,0,0.443109518351761
2025-12-23,29.406648635864254,29.658899889928563,29.299928303742757,29.639495520269183,35703900,0.0053776679178714,29.412740898132324,30.08379872639974,38.65890788362384,29.757090854644776,0.4905890968517272,30.73826904834823,28.775912660941323,29.5036678314209,1,0,0.461756198213098
2025-12-26,29.5036678314209,29.52307220055265,29.22231188102045,29.406647836264625,20178600,0.0032992265374407,29.359170722961423,30.02644125620524,37.199441946358974,29.71666870117188,0.4755258886193108,30.667720478410494,28.76561692393325,29.81413078308105,1,0,0.42165541928341194
2025-12-29,29.81413078308105,29.89174641027072,29.610390455646627,29.6491973439902,20588100,0.0105228595113695,29.386493110656737,30.006079991658527,54.50225757116732,29.683775424957275,0.4421069325587946,30.567989290074863,28.799561559839685,29.901447296142575,1,0,0.3917306887411651
2025-12-30,29.901447296142575,30.037274175198903,29.736513864216,29.88204292756241,16880600,0.0029286955805223,29.40561828613281,29.98424021402995,51.91965782293244,29.683933067321775,0.4421880042758913,30.56830907587356,28.799557058769995,29.794727325439453,0,0,0.40219552321057556
2026-01-02,29.794727325439453,30.03727639914249,29.455160102657267,30.03727639914249,21625200,-0.003569057030791,29.4037260055542,29.952259699503585,47.34088257323861,29.675933265686037,0.4384627716827625,30.55285880905156,28.79900772232051,29.299928665161133,0,0,0.4549701790045205
2026-01-05,29.299928665161133,29.85294025375712,28.843935225053688,29.785026809614116,48211400,-0.0166069202404094,29.442641258239743,29.89814287821452,39.74379594409454,29.632848167419432,0.4304889176680579,30.493826002755547,28.77187033208332,28.756616592407227,0,0,0.43155825336794285
2026-01-06,28.756616592407227,29.52307252706573,28.73721407356338,29.46486126952917,38095000,-0.0185431193011718,29.3952486038208,29.822467231750487,39.25540319540736,29.55131130218506,0.4344767649020827,30.420264831989225,28.682357772380893,28.940954208374023,1,0,0.42388965424113306
2026-01-07,28.940954208374023,28.940954208374023,28.649896072117823,28.78572295563705,28132900,0.0064102678899808,29.383218574523926,29.75826555887858,39.50484597597111,29.469116306304933,0.3808464113659154,30.230809129036764,28.707423483573105,29.299928665161133,1,0,0.40934755240114534
2026-01-08,29.299928665161133,29.435755553447144,28.90214833474989,29.01857085313717,34125800,0.0124036842117403,29.396740531921388,29.713867251078288,43.44787353193188,29.458948421478272,0.3825967328353324,30.22414188714894,28.69375495580761,29.39694595336914,1,0,0.385079043555478
2026-01-09,29.39694595336914,29.823832826135945,29.24171469972712,29.270821253723444,27982800,0.0033111783075214,29.41149959564209,29.67364330291748,57.80517094226883,29.439994239807127,0.3753835624466485,30.190761364700425,28.68922711491383,29.45516014099121,1,0,0.38107327506318356
2026-01-12,29.45516014099121,29.65890047492568,29.309629216177928,29.396947030864865,18947400,0.0019802801187038,29.416350746154784,29.643510818481445,53.93670461972798,29.414545822143555,0.3546610248778722,30.1238678718993,28.70522377238781,30.21191024780273,1,0,0.4142695952531089
2026-01-13,30.21191024780273,30.386545866657485,29.45515836676877,29.45515836676877,54097100,0.025691597098411,29.48717498779297,29.64017079671224,66.7231056485164,29.4231728553772,0.372318566888374,30.167809989153945,28.678535721600447,31.03657913208008,1,0,0.4234403015250897
2026-01-14,31.03657913208008,31.56048416704399,30.27012502432669,30.41565409789986,82309300,0.0272961516671168,29.60941982269287,29.658990224202476,72.49015851603852,29.497956466674804,0.5186606195095366,30.53527770569388,28.46063522765573,30.842538833618164,0,0,0.4076184960525381
2026-01-15,30.842538833618164,30.97836571274876,30.50296978528924,30.561181040559145,26456600,-0.0062519872965429,29.70352897644043,29.690465037027995,68.65150196816694,29.554573631286623,0.5986789921177428,30.751931615522107,28.357215647051135,31.0850887298584,1,1,0.52880150996672
2026-01-16,31.0850887298584,31.240319981776334,30.929855627437966,30.997770919341747,70947300,0.007864135230523,29.832565116882325,29.728143882751464,69.26503592073854,29.618145561218263,0.6884170326148363,30.994979626447936,28.24131149598859,31.211212158203125,1,0,0.4472843042112903
2026-01-19,31.211212158203125,31.25002089715579,30.958962757020903,31.00747183020921,12852900,0.0040573610531013,30.02369346618652,29.76312993367513,69.4690174812244,29.73316736221313,0.7531453900656377,31.23945814234441,28.226876582081857,31.327638626098636,1,0,0.4040646683038971
2026-01-20,31.327638626098636,31.550783325357003,30.988069559551857,31.211212408307684,26300000,0.0037302770333098,30.280795669555665,29.79447275797526,68.05556690979111,29.83802213668823,0.8222929628257087,31.482608062339647,28.19343621103681,32.43366241455078,1,0,0.4222670567388436
2026-01-21,32.43366241455078,32.55008493358542,31.463466120250143,31.531379564770777,93270900,0.0353050480967542,30.63006649017334,29.856099700927736,74.3016886381354,30.006642532348632,0.984417336446442,31.97547720524152,28.037807859455743,32.579193115234375,1,0,0.3395238304836703
2026-01-22,32.579193115234375,33.11280033323209,32.26872689826676,32.38515311750654,71516300,0.0044870264364071,30.957992935180663,29.95862992604573,76.52494705186606,30.177366733551025,1.117768026924161,32.41290278739935,27.941830679702704,33.99567794799805,1,0,0.4390416110708025
2026-01-23,33.99567794799805,34.422562971409434,32.87025043081799,32.93816387315605,68642600,0.0434782048700066,31.417866134643557,30.099284871419272,88.05027361959102,30.414682865142822,1.3828007104492226,33.18028428604127,27.649081444244377,34.3061408996582,1,0,0.40541153039883626
2026-01-26,34.3061408996582,34.63600778142434,33.99567838752596,34.31584123397261,39869600,0.0091324241903649,31.90296421051025,30.244018618265788,96.73201058427227,30.65965747833252,1.6101271557568455,33.87991178984621,27.439403166818828,35.053192138671875,1,0,0.4373066369616369
2026-01-27,35.053192138671875,35.36365464781608,34.31584090370061,34.451667788825574,47268200,0.0217760208354158,32.387092399597165,30.41114603678385,97.01491090001926,30.937133693695067,1.8593243459075328,34.65578238551013,27.21848500188,36.22712707519531,1,0,0.43945699761049967
2026-01-28,36.22712707519531,36.324145216987134,35.412162100727414,35.46067117162333,46054700,0.0334901007554262,32.906147193908694,30.634020042419436,97.34746549461455,31.257783508300783,2.180671333247973,35.61912617479673,26.89644084180484,36.57640075683594,1,0,0.43604186364270603
2026-01-29,36.57640075683594,37.43017452560115,36.45027420325576,36.86745890270893,58722800,0.0096412194352495,33.47953338623047,30.862893549601235,97.43588513882604,31.591531181335448,2.455622047253837,36.50277527584312,26.68028708682777,36.63460922241211,1,0,0.4568251920822401
2026-01-30,36.63460922241211,36.84805358436052,35.91666606113933,36.12040638790552,45794700,0.0015914213638228,34.03448543548584,31.090258852640787,97.4358832000186,31.93352527618408,2.660000454628212,37.253526185440506,26.613524366927656,36.13011169433594,0,0,0.4320333731024526
2026-02-02,36.13011169433594,36.13011169433594,35.528587326044715,35.68381858537677,38505600,-0.0137710634502287,34.52637538909912,31.33090337117513,90.4509724198732,32.27503442764282,2.7412961052704445,37.75762663818371,26.79244221710193,36.45997619628906,1,0,0.4917822724446465
2026-02-03,36.45997619628906,37.17791933582468,36.033087485317154,36.39205905508496,57152800,0.0091299054025575,35.03960914611817,31.571884473164875,89.7582197488395,32.66020240783691,2.762024128891207,38.18425066561933,27.136154150054494,36.401763916015625,0,0,0.4493567154765731
2026-02-04,36.401763916015625,36.55699516870845,35.86815671619684,36.33385047427532,37955800,-0.0015966077421455,35.436419296264646,31.81656812032064,91.5820535726035,33.033242893219,2.736979316101315,38.50720152542163,27.55928426101637,35.89726257324219,0,0,0.39190273279869603
2026-02-05,35.89726257324219,36.48908289971863,35.80024442506791,36.28534256794956,35933100,-0.0138592553904091,35.76822624206543,32.04098656972249,84.63691957996798,33.36310958862305,2.6598258018343097,38.68276119229167,28.04345798495443,35.55769348144531,0,0,0.442213768312384
2026-02-06,35.55769348144531,36.15921411066589,35.36365349430821,36.101001004223285,27681100,-0.0094594703733758,35.92442779541015,32.251264508565264,80.35234595613048,33.67114696502686,2.529892826955704,38.73093261893826,28.61136131111545,36.20772552490234,1,0,0.43095163487783855
2026-02-09,36.20772552490234,36.3338520798528,35.46067393174216,35.56739611662292,27089800,0.0182810519978251,36.11458625793457,32.4779670715332,81.71504133563683,34.00877523422241,2.384010613811309,38.77679646184503,29.240754006599797,36.2368278503418,1,0,0.4055148353818282
2026-02-10,36.2368278503418,36.45997624098974,35.80994283985143,36.207723147650725,24585300,0.0008037601096881,36.23294982910157,32.702405738830564,78.73902802255512,34.31002111434937,2.256215726175159,38.82245256669969,29.797589661999048,36.94507598876953,1,0,0.34956431952196404
2026-02-11,36.94507598876953,37.31374790914747,36.56669633205782,36.60550507136237,55863800,0.0195449817338537,36.30474472045898,32.940103912353514,80.40544129081249,34.60544595718384,2.1909172998686244,38.987280556921085,30.22361135744659,36.00398254394531,0,0,0.390091106568269
2026-02-12,36.00398254394531,36.91596566414829,35.70322038148241,36.91596566414829,39856000,-0.0254727705827507,36.24750289916992,33.14352175394694,64.97828926957015,34.863518142700194,2.021810850484421,38.90713984366904,30.819896441731352,35.7905387878418,0,0,0.3118319865851004
2026-02-13,35.7905387878418,36.05249221739478,35.44126754843782,36.05249221739478,27507000,-0.0059283373955365,36.16309585571289,33.34338213602702,61.233468463243646,35.098790645599365,1.822988272963351,38.74476719152607,31.452814099672665,36.08159637451172,1,0,0.28915355246715235
2026-02-18,36.08159637451172,36.27563636024576,35.75172950906531,35.965173863473254,32276700,0.0081322493744853,36.15824432373047,33.569437726338705,58.35959757003403,35.34230985641479,1.586274136862021,38.51485813013883,32.169761582690754,36.68312072753906,1,0,0.3205666724996068
2026-02-19,36.68312072753906,37.10030540182433,36.32414545831367,36.38235856437844,48355000,0.0166712233789152,36.18055877685547,33.8336545308431,54.08696911397261,35.610083961486815,1.2988897361314304,38.20786343374968,33.01230448922395,36.838356018066406,1,0,0.35159367992448554
2026-02-20,36.838356018066406,36.838356018066406,36.33385347983075,36.54729415681119,51949800,0.0042317907377711,36.22421798706055,34.09690125783285,52.4324530977963,35.8303186416626,1.088313724602766,38.00694609086813,33.65369119245707,37.43987274169922,1,0,0.3586287863172734
2026-02-23,37.43987274169922,38.08020210679234,36.72192590156212,36.83835211412808,55061500,0.0163285441765592,36.37847900390625,34.36823272705078,56.79215012143609,36.07335262298584,0.8380316973910766,37.74941601776799,34.39728922820368,38.39066696166992,1,0,0.3415936799244855
2026-02-24,38.39066696166992,38.47798477595217,37.70182848289062,37.70182848289062,43263600,0.0253952310823892,36.66177635192871,34.66802342732748,67.73208405431271,36.29310207366943,0.8407722846626964,37.97464664299483,34.611557504344034,38.39066696166992,0,0,0.4262134910539666
2026-02-25,38.39066696166992,38.77874695870327,37.86676007597645,38.749638553272426,26012300,0.0,36.880070495605466,34.96587365468343,65.97108838252713,36.49732837677002,0.828716787165349,38.15476195110072,34.839894802439325,38.429473876953125,1,0,0.37985538358505855
2026-02-26,38.429473876953125,38.61380983123892,37.80854887198524,38.128711708482136,29919100,0.0010108424352708,37.0993350982666,35.23979244232178,66.82767736534689,36.66614246368408,0.8622599313230853,38.39066232633025,34.94162260103791,38.15782165527344,0,0,0.39685538358505856
2026-02-27,38.15782165527344,39.069804830566405,38.15782165527344,38.73023391030463,38799000,-0.0070688509176443,37.22060966491699,35.47716719309489,69.51423839074063,36.76267719268799,0.916869525681764,38.59641624405152,34.92893814132446,39.9041748046875,1,0,0.37868314708594875
2026-03-02,39.9041748046875,40.29225110359236,39.31235447027704,40.06910639899591,83817000,0.045766583983515,37.61062889099121,35.77922172546387,80.18867723005452,36.92906589508057,1.152867115757866,39.2348001265963,34.62333166356484,39.72953796386719,0,0,0.40272615214696733
2026-03-03,39.72953796386719,40.74824330632429,39.53549796982654,40.45718516576584,93893800,-0.0043764052677465,38.00452880859375,36.06737003326416,76.19045726225349,37.08381233215332,1.3084735788729305,39.700759489899184,34.46686517440746,39.29294967651367,0,0,0.3764356941446836
2026-03-04,39.29294967651367,39.94297941319822,38.739938088257965,39.72953874645373,50915600,-0.0109890099338829,38.32566413879395,36.33676128387451,71.42857141454806,37.241954231262206,1.3765044347752189,39.99496310081264,34.48894536171177,39.4772834777832,1,0,0.38275915890093115
2026-03-05,39.4772834777832,39.55490095308129,38.78844503903488,39.32205222819197,53107600,0.0046912691153779,38.60508041381836,36.608416112264,69.16295946271039,37.39281959533692,1.4496918865343116,40.29220336840554,34.493435822268296,40.90347290039063,1,0,0.42906641366638243
2026-03-06,40.90347290039063,41.83486039275888,40.18552606189537,40.6512235090844,87228000,0.0361268379423838,39.011592102050784,36.89074312845866,84.54172850586988,37.61790504455566,1.6264224678004209,40.8707499801565,34.36506010895482,41.8736686706543,1,0,0.4175764146370603
2026-03-09,41.8736686706543,42.95058706607622,41.3982708948266,41.96098647841836,107124400,0.0237191539365453,39.45497169494629,37.20055898030599,88.75155645603047,37.91672534942627,1.829938061457292,41.576601472340855,34.25684922651169,41.65052795410156,0,0,0.40931264044748805
2026-03-10,41.65052795410156,41.81545955059515,40.77734979323782,41.0490072771761,56706200,-0.0053289029511072,39.780957794189455,37.45572064717611,85.785597518361,38.221367073059085,1.92141548436511,42.0641980417893,34.378536104328866,43.46479415893555,1,0,0.3607657232670386
2026-03-11,43.46479415893555,43.54241164059509,41.94158624091676,41.960990611331646,73234300,0.0435592606853216,40.288370513916014,37.76100908915202,87.70231504878089,38.58422050476074,2.1878905350045645,42.96000157476988,34.20843943475161,43.65883255004883,1,0,0.40307641463706034
2026-03-12,43.65883255004883,44.7163466420791,42.88267626713787,44.03720850665511,86124400,0.0044642657320255,40.81130638122559,38.04786376953125,87.7551451220696,38.95532073974609,2.388983072775261,43.73328688529661,34.17735459419557,43.33866500854492,0,0,0.3959343928804834
2026-03-13,43.33866500854492,43.9886984250301,42.96999309573752,43.28045560178849,42520400,-0.0073333967676959,41.32939071655274,38.28491503397624,83.70290291220209,39.27500019073487,2.529471406299212,44.33394300333329,34.21605737813644,44.493202209472656,1,0,0.36891604640410025
2026-03-16,44.493202209472656,44.61932876276784,43.4647928153064,43.542410294566544,40474100,0.0266398884391132,41.78829345703125,38.5488084157308,84.07369619235341,39.69946117401123,2.660560087914737,45.02058134984071,34.37834099818176,44.997703552246094,1,0,0.41931264044748806
2026-03-17,44.997703552246094,45.85147359588921,44.43498794524925,44.48349701802363,51025600,0.0113388409402015,42.31511001586914,38.82757822672526,84.92309837689112,40.15981941223144,2.743855562162344,45.64753053655613,34.67210828790675,45.59922409057617,1,0,0.4062591043686069
2026-03-18,45.59922409057617,45.74475500956512,45.16263503461433,45.308165953603286,55074700,0.0133678052621433,42.94573745727539,39.143215306599934,85.76962353578125,40.63570079803467,2.823511082402137,46.28272296283895,34.98867863323039,45.38577651977539,0,0,0.4104002438771967
2026-03-19,45.38577651977539,46.69554359502832,45.29845871475853,45.79326084352233,84865000,-0.0046809474296491,43.53658676147461,39.44074198404948,86.27065050179866,41.07083358764648,2.8527512212192487,46.77633603008498,35.36533114520799,44.30886459350586,0,0,0.366985945875646
2026-03-20,44.30886459350586,45.84177657065802,43.58121734635256,45.395487147311925,78125700,-0.0237279608028806,43.877125930786136,39.704312006632485,73.69520345979268,41.44435901641846,2.7568684997399795,46.95809601589842,35.9306220169385,44.65813064575195,1,0,0.35105161855954564
2026-03-23,44.65813064575195,44.80366155857864,42.999096004351024,43.09611414556558,65252400,0.0078825322077262,44.1555721282959,39.996340942382815,76.02459683946375,41.80527191162109,2.676342850105794,47.15795761183268,36.4525862114095,45.86117935180664,1,0,0.38909958444960124
2026-03-24,45.86117935180664,46.52091312910614,44.98800120508519,45.01710961064601,57455300,0.0269390744453188,44.576637268066406,40.339790471394856,82.08532970054866,42.17879753112793,2.695940812304166,47.57067915573626,36.7869159065196,46.08432388305664,1,0,0.4089694401042877
2026-03-25,46.08432388305664,46.13283295746936,44.92008759212576,45.11412759078176,40532900,0.0048656518302381,44.83859024047852,40.669010416666666,82.15300110339616,42.56348037719727,2.6757923119649583,47.91506500112718,37.21189575326735,46.58882522583008,1,0,0.3981566151027056
2026-03-26,46.58882522583008,47.0254142865594,46.10372709190974,46.18134086881437,59986800,0.0109473525976784,45.13158950805664,41.01407699584961,80.39421620323401,42.97144794464111,2.634009012925448,48.239465970492006,37.70342991879022,47.93739700317383,1,0,0.38011366615333814
2026-03-27,47.93739700317383,47.966501706618594,46.695546976130245,47.05451855563409,54170900,0.0289462498959098,45.59146270751953,41.38048769632975,81.15655404290787,43.46042671203613,2.60090787208362,48.66224245620337,38.25861096786889,48.18964767456055,1,0,0.40354571129072836
2026-03-30,48.18964767456055,49.17924832886968,48.01501574827551,48.26726515380288,51454300,0.0052620852853153,45.96110725402832,41.78667653401693,83.49899219890936,43.87470035552978,2.6637514471556587,49.2022032498411,38.54719746121847,47.21944808959961,0,0,0.4041952624457008
2026-03-31,47.21944808959961,49.043418013249656,46.22985120546471,48.57772427336121,78931700,-0.0201329462193413,46.18328170776367,42.167640177408856,71.05545533397562,44.2491958618164,2.5753476223096867,49.399891106435774,39.09850061719703,45.958194732666016,0,0,0.3442168867169579
2026-04-01,45.958194732666016,46.63733283909591,45.37607847058607,46.27836126751344,66488400,-0.0267104637593464,46.21917877197266,42.496860122680665,61.51601715256292,44.582458114624025,2.318698800794326,49.21985571621268,39.94506051303537,46.71495056152344,1,0,0.27686768372407644
2026-04-02,46.71495056152344,47.9859052706844,46.52091057280273,47.83067401990883,38536900,0.0164661783009405,46.35209617614746,42.83125445048015,66.20112559273988,44.94434146881103,2.0263584549367963,48.99705837868463,40.89162455893744,47.48140335083008,1,0,0.4237626650542754
2026-04-06,47.48140335083008,47.53961645844712,46.45299768996401,46.55971987009275,27848100,0.0164070127463202,46.66935005187988,43.1860226949056,64.89360528080985,45.273237991333005,1.863232179296981,48.99970234992697,41.54677363273904,47.0642204284668,0,0,0.4074631055829097
2026-04-07,47.0642204284668,48.08292949439881,46.957501945345335,47.6269360534961,33362800,-0.0087862382516541,46.90995903015137,43.50683428446452,60.39024232211935,45.53276557922364,1.720839820550952,48.97444522032554,42.09108593812173,45.220848083496094,0,0,0.2564374975375531
2026-04-08,45.220848083496094,45.24995278685396,43.202838094570495,43.36777338261009,87580500,-0.0391671704787388,46.84592590332032,43.73450698852539,48.30876161440829,45.71128158569336,1.4627419876597332,48.63676556101282,42.78579761037389,46.47240447998047,1,0,0.2652022924324451
2026-04-09,46.47240447998047,47.10302985749272,45.62833103008694,46.1231332180942,58206500,0.0276765352603183,46.88473396301269,44.003898239135744,54.44447945763061,45.86166210174561,1.371380108470379,48.60442231868637,43.11890188480485,47.56872177124024,1,0,0.3602603465911522
2026-04-10,47.56872177124024,47.56872177124024,46.11342737121285,46.11342737121285,42860900,0.0235907158996269,46.98272361755371,44.30853983561198,63.31219711781265,46.057156562805176,1.31849630523689,48.69414917327896,43.42016395233139,48.29636764526367,1,0,0.40526277353730916
2026-04-13,48.29636764526367,48.74266072844947,47.78216482235986,48.267262942383816,60941100,0.0152967295930865,47.0186206817627,44.646491368611656,64.41199474148124,46.30504169464111,1.2444645181353124,48.79397073091174,43.816112658370486,46.45299911499024,0,0,0.3832889815635172
2026-04-14,46.45299911499024,48.17024698182001,46.24925508258289,48.13143824221813,58646800,-0.0381678502990734,46.84495582580566,44.864785512288414,52.2311649139044,46.403031539917,1.1691705490766198,48.74137263807023,44.06469044176376,45.49250411987305,0,0,0.2652147509042059
2026-04-15,45.49250411987305,46.66644075992272,45.33727285921363,46.52091353486993,61852100,-0.0206767057760806,46.67226142883301,45.05688438415528,47.886346465343735,46.42777156829834,1.142806050989104,48.71338367027655,44.14215946632013,47.132137298583984,1,0,0.2860189045348756
2026-04-16,47.132137298583984,47.22915544667536,45.36637665507911,45.88058320277769,54484300,0.0360418317354105,46.789655685424805,45.31819063822429,51.79487967452855,46.50441722869873,1.135694935580615,48.77580709985996,44.233027357537495,44.842472076416016,0,0,0.36873945691517834
2026-04-17,44.842472076416016,45.16263491594342,43.53270491197209,45.11412584340957,105186900,-0.0485797027973259,46.60240783691406,45.49703025817871,40.37417191633907,46.47725200653076,1.1698448483496142,48.81694170322999,44.13756230983153,45.618629455566406,1,0,0.311751162924038
2026-04-20,45.618629455566406,46.06491885539973,45.12382728100787,45.83207382114108,41904500,0.0173085323625277,46.416130447387694,45.65420214335124,42.25599519820663,46.54274024963379,1.0748747032820485,48.692489656197885,44.39299084306969,46.2492561340332,1,0,0.37938477363469686
2026-04-22,46.2492561340332,46.55001832127781,45.8417754619649,46.22015142917267,51063000,0.0138238848030505,46.33463401794434,45.8000550587972,47.016718477775655,46.622296524047854,0.983001645831759,48.58829981571137,44.656293232384336,46.97968673706055,1,0,0.3595632861553147
2026-04-23,46.97968673706055,47.28455940328853,46.12408119195152,46.57646998577134,38666800,0.0157933481332221,46.51051788330078,45.97769368489583,53.247025049123664,46.67822189331055,0.9691403666294974,48.61650262656954,44.73994116005156,46.37977981567383,0,0,0.3540936799244856
2026-04-24,46.37977981567383,46.73382453780353,45.681527031243874,46.71415496973116,34880200,-0.0127694959897097,46.50125541687012,46.074859873453775,48.92385920405654,46.69299468994141,0.9618353089987858,48.61666530793898,44.76932407194384,46.5863037109375,1,0,0.2912168465841981
2026-04-27,46.5863037109375,47.373067659989125,46.38961178577799,46.43878758075769,31543600,0.0044528864967547,46.40301361083984,46.1724422454834,47.01889474873289,46.692868614196776,0.9618498471543124,48.6165683085054,44.76916891988815,46.73382568359375,1,0,0.3586287863172734
2026-04-28,46.73382568359375,47.24522321125404,46.67481697792989,46.86167600340548,29389700,0.0031666382800319,46.24675941467285,46.28561426798503,48.87950285795561,46.632690048217775,0.9164676126428596,48.46562527350349,44.79975482293206,48.150001525878906,1,0,0.3486287863172734
2026-04-29,48.150001525878906,48.48437669279139,47.20588473162716,47.30422882418338,47685000,0.0303030154619314,46.41645965576172,46.4075075785319,60.23033099499991,46.63070774078369,0.9129588477092888,48.456625436202266,44.80479004536512,48.26801681518555,1,0,0.3445821495635817
2026-04-30,48.26801681518555,48.56305283146008,47.491085762779626,48.00248327506252,36666100,0.0024509924312923,46.69401092529297,46.51651802062988,56.81059949757066,46.68313617706299,0.9764482976795262,48.63603277242204,44.73023958170394,48.52371597290039,1,0,0.3231663913592902
2026-05-04,48.52371597290039,49.025276848948245,48.11066252946099,48.46470726624143,41319600,0.0052974862980987,46.83316879272461,46.61400108337402,53.86892158681947,46.81141223907471,1.042483704482494,48.89637964803969,44.72644483010972,47.85496520996094,0,0,0.3456663913592902
2026-05-05,47.85496520996094,48.21884285214325,47.53042670520012,48.071326714192566,28066500,-0.013781936307453,47.1344181060791,46.69630737304688,48.20319344077619,46.86841297149658,1.067791362579693,49.00399569665597,44.7328302463372,46.48796081542969,0,0,0.2912168465841981
2026-05-06,46.48796081542969,46.70432231380818,45.81921050370212,45.93722416118741,62009100,-0.0285655707518247,47.22135124206543,46.76894391377767,50.14805990040021,46.81874084472656,1.0608593765716443,48.940459597869854,44.69702209158327,45.4553337097168,0,0,0.2695598343318864
2026-05-07,45.4553337097168,45.878220054390674,44.452208223624346,45.63235607500291,71214500,-0.0222127855814694,47.141958999633786,46.79551734924316,49.84354225890908,46.73829650878906,1.101487575160194,48.941271659109454,44.53532135846867,44.9144287109375,0,0,0.28126365977963086
2026-05-08,44.9144287109375,45.77987094487844,44.9144287109375,45.62251815248795,32914200,-0.0118997036130804,46.93543319702148,46.76395899454753,39.71379181094441,46.72297554016113,1.1255728849050313,48.9741213099712,44.47182977035106,45.66185760498047,1,0,0.33685662616670015
2026-05-11,45.66185760498047,45.740532125927786,44.89476320570815,45.44549610709893,50622200,0.016641175575299,46.86364097595215,46.74987678527832,54.434972842647646,46.68244819641113,1.149409646405921,48.98126748922297,44.38362890359929,44.92426681518555,0,0,0.35159367992448554
2026-05-12,44.92426681518555,45.48483639057489,44.64890035754492,45.48483639057489,81072700,-0.0161533242071708,46.69743728637695,46.6943915049235,46.22596481096132,46.5502254486084,1.193353787681165,48.93693302397073,44.16351787324607,43.8326301574707,0,0,0.2784907090461538
2026-05-13,43.8326301574707,45.07178672047662,43.62610531416526,45.012778014566514,57251900,-0.0242994874508635,46.40731773376465,46.557565943400064,37.49186531587844,46.32703857421875,1.2648660417185886,48.85677065765592,43.79730649078157,44.255516052246094,1,0,0.3186259895500664
2026-05-14,44.255516052246094,44.619393689342544,43.64577443708161,43.724448959238366,47760000,0.00964774172246,46.01786918640137,46.42642822265625,35.43640513764055,46.21716442108154,1.3461783896220016,48.90952120032554,43.52480764183754,44.71773910522461,1,0,0.39536555129756407
2026-05-15,44.71773910522461,44.786580715221525,44.23584408365985,44.639060835750215,59380500,0.0104444167464421,45.66284141540528,46.343037923177086,40.981862462488245,46.17842617034912,1.3788793993542916,48.936184969057706,43.42066737164053,45.67169189453125,1,0,0.37257293904049027
2026-05-18,45.67169189453125,45.69136146325959,43.73428626962283,44.35386080242564,57388200,0.0213327598486567,45.37763900756836,46.33348782857259,45.40968942395759,46.10540390014648,1.3643087556200328,48.83402141138655,43.37678638890642,45.327484130859375,0,0,0.37047568272560594
2026-05-19,45.327484130859375,45.53400897653992,44.83575616404666,45.2291400381315,40943000,-0.0075365669497584,45.124890899658205,46.287238947550456,43.07841696525696,46.129654502868654,1.3448504079201506,48.81935531870896,43.43995368702835,43.86213302612305,0,0,0.31559732029233767
2026-05-20,43.86213302612305,45.642189611972974,43.80312807127291,45.01277841632718,52780200,-0.0323280926094616,44.86230812072754,46.16659660339356,28.99808260991624,46.041829681396486,1.4343542988356337,48.91053827906775,43.17312108372522,44.20634460449219,1,0,0.3690330716894139
2026-05-21,44.20634460449219,44.894764502705456,43.763788687670335,44.353860742375055,57725900,0.007847579554878,44.73740921020508,46.07133407592774,30.53724680479459,45.93968410491944,1.4904499178645323,48.9205839406485,42.958784269190375,43.744117736816406,0,0,0.4029968709760707
2026-05-22,43.744117736816406,44.00965127851964,43.144209040922405,43.999818370272784,39634300,-0.0104561205367975,44.62037811279297,46.02210973103841,27.541598325811197,45.77790565490723,1.5461810178579938,48.870267690623216,42.68554361919124,42.68198776245117,0,0,0.3769497762145182
2026-05-25,42.68198776245117,43.095037441642695,42.25910142332469,42.77049894393315,26720900,-0.0242805211149866,44.32239112854004,45.89576250712077,26.55973161496486,45.59301605224609,1.6852551087171952,48.963526269680486,42.2225058348117,42.72132110595703,1,0,0.38568472334106557
2026-05-26,42.72132110595703,43.07536581496661,42.445954666321306,42.64264658816956,36040500,0.0009215443227426,44.10209655761719,45.73418248494466,30.597754574381767,45.39976692199707,1.7840627468975403,48.96789241579215,41.83164142820199,42.11157989501953,0,0,0.3928085026982934
2026-05-27,42.11157989501953,42.4754575151079,41.45266626535718,41.55101035135304,53745400,-0.014272527046278,43.92999153137207,45.528022893269856,31.9915075727356,45.16865463256836,1.8979063416381463,48.96446731584466,41.37284194929207,41.80670928955078,0,0,0.3704667384038146
2026-05-28,41.80670928955078,42.46562670332492,41.55101240238803,42.3869484293754,37534800,-0.0072395907783266,43.685110855102536,45.373146565755206,32.82608658481944,44.85149002075195,1.903477434403566,48.658444889559085,41.04453515194482,41.30514907836914,0,0,0.3572081143675932
